Repo_name,Organization Name,Language Name,Totally stars,Forks,Since Stars,Time Range,Date Time
genai-toolbox,googleapis,Go,3682,316,962,today,2025-07-09
rustfs,rustfs,Rust,3616,180,644,today,2025-07-09
prompt-eng-interactive-tutorial,anthropics,Jupyter Notebook,16092,1477,452,today,2025-07-09
WebAgent,Alibaba-NLP,Python,2700,186,770,today,2025-07-09
res-downloader,putyy,Go,8131,986,193,today,2025-07-09
agents,ed-donner,Jupyter Notebook,1002,780,52,today,2025-07-09
proxypin,wanghongenpin,Dart,9335,810,92,today,2025-07-09
ai-agents-for-beginners,microsoft,Jupyter Notebook,29538,8362,160,today,2025-07-09
awesome-mcp-clients,punkpeye,Unknown,4237,300,82,today,2025-07-09
strapi,strapi,TypeScript,67391,8697,21,today,2025-07-09
MoGe,microsoft,Python,1206,72,16,today,2025-07-09
MNN,alibaba,C++,12339,1984,19,today,2025-07-09
llm_engineering,ed-donner,Jupyter Notebook,2801,2274,154,today,2025-07-09
fzf,junegunn,Go,71702,2541,104,today,2025-07-09
MediaCrawler,NanmiCoder,Python,28804,7219,4447,this week,2025-07-09
Folo,RSSNext,TypeScript,28210,1247,884,this week,2025-07-09
scira,zaidmukaddam,TypeScript,9624,1175,990,this week,2025-07-09
genai-toolbox,googleapis,Go,3682,316,1056,this week,2025-07-09
sim,simstudioai,TypeScript,4648,696,455,this week,2025-07-09
sniffnet,GyulyVGC,Rust,27496,894,1805,this week,2025-07-09
ladybird,LadybirdBrowser,C++,45062,1919,1007,this week,2025-07-09
build-your-own-x,codecrafters-io,Markdown,397829,37131,4170,this week,2025-07-09
generative-ai-for-beginners,microsoft,Jupyter Notebook,91575,46781,4028,this week,2025-07-09
pocketbase,pocketbase,Go,48828,2460,766,this week,2025-07-09
kilocode,Kilo-Org,TypeScript,4001,321,2271,this week,2025-07-09
ML-For-Beginners,microsoft,HTML,74165,16324,654,this week,2025-07-09
openpilot,commaai,Python,55090,9915,700,this week,2025-07-09
infisical,Infisical,TypeScript,18727,1248,503,this week,2025-07-09
directus,directus,TypeScript,31529,4290,487,this week,2025-07-09
awesome-llm-apps,Shubhamsaboo,Python,49222,5686,15636,this month,2025-07-09
data-engineer-handbook,DataExpert-io,Jupyter Notebook,35051,6739,6111,this month,2025-07-09
jan,menloresearch,TypeScript,34463,2011,5085,this month,2025-07-09
awesome,sindresorhus,Unknown,380421,30419,16352,this month,2025-07-09
twenty,twentyhq,TypeScript,33569,3727,5414,this month,2025-07-09
MediaCrawler,NanmiCoder,Python,28804,7219,5441,this month,2025-07-09
happy-llm,datawhalechina,Unknown,9880,712,7263,this month,2025-07-09
claude-code,anthropics,PowerShell,18315,1033,6357,this month,2025-07-09
anthropic-cookbook,anthropics,Jupyter Notebook,17876,1851,4850,this month,2025-07-09
Telegram,DrKLO,Java,27058,8741,881,this month,2025-07-09
prompt-optimizer,linshenkx,TypeScript,9215,1154,3647,this month,2025-07-09
kilocode,Kilo-Org,TypeScript,4001,321,3055,this month,2025-07-09
genai-toolbox,googleapis,Go,3682,316,1466,this month,2025-07-09
storm,stanford-oval,Python,26444,2378,1942,this month,2025-07-09
youtube-transcript-api,jdepoix,Python,5691,583,1704,this month,2025-07-09
Web-Dev-For-Beginners,microsoft,JavaScript,90328,13652,2009,this month,2025-07-09
WebAgent,Alibaba-NLP,Python,2700,186,770,today,2025-07-09
MoGe,microsoft,Python,1206,72,16,today,2025-07-09
30-Days-Of-Python,Asabeneh,Python,47433,9058,48,today,2025-07-09
MoneyPrinterV2,FujiwaraChoki,Python,12119,1143,350,today,2025-07-09
checkov,bridgecrewio,Python,7678,1210,6,today,2025-07-09
verifiers,willccbb,Python,1481,182,15,today,2025-07-09
WeClone,xming521,Python,14771,1153,32,today,2025-07-09
openpilot,commaai,Python,55090,9915,232,today,2025-07-09
mcp,awslabs,Python,4500,548,51,today,2025-07-09
logicanalyzer,gusmanb,Python,4039,420,169,today,2025-07-09
litellm,BerriAI,Python,25126,3426,56,today,2025-07-09
hummingbot,hummingbot,Python,13136,3659,10,today,2025-07-09
yolov5,ultralytics,Python,54525,17035,18,today,2025-07-09
Scrapling,D4Vinci,Python,6209,343,235,today,2025-07-09
ray,ray-project,Python,37904,6575,22,today,2025-07-09
ai-agents-masterclass,coleam00,Python,2398,1104,67,today,2025-07-09
Ghost-Downloader-3,XiaoYouChR,Python,3191,154,73,today,2025-07-09
awesome-llm-apps,Shubhamsaboo,Python,49222,5686,331,today,2025-07-09
MediaCrawler,NanmiCoder,Python,28804,7219,4447,this week,2025-07-09
openpilot,commaai,Python,55090,9915,700,this week,2025-07-09
ai-toolkit,ostris,Python,5108,606,121,this week,2025-07-09
PayloadsAllTheThings,swisskyrepo,Python,68165,15643,1194,this week,2025-07-09
Genesis,Genesis-Embodied-AI,Python,25773,2334,398,this week,2025-07-09
WebAgent,Alibaba-NLP,Python,2700,186,777,this week,2025-07-09
MoneyPrinterV2,FujiwaraChoki,Python,12119,1143,222,this week,2025-07-09
Index-anisora,bilibili,Python,1727,82,289,this week,2025-07-09
ERNIE,PaddlePaddle,Python,7289,1384,344,this week,2025-07-09
30-Days-Of-Python,Asabeneh,Python,47433,9058,255,this week,2025-07-09
devops-exercises,bregman-arie,Python,77448,17353,489,this week,2025-07-09
gemini-balance,snailyp,Python,2928,502,756,this week,2025-07-09
nunchaku,mit-han-lab,Python,2326,122,134,this week,2025-07-09
InkyPi,fatihak,Python,1799,184,110,this week,2025-07-09
awesome-llm-apps,Shubhamsaboo,Python,49222,5686,15636,this month,2025-07-09
MediaCrawler,NanmiCoder,Python,28804,7219,5441,this month,2025-07-09
storm,stanford-oval,Python,26444,2378,1942,this month,2025-07-09
youtube-transcript-api,jdepoix,Python,5691,583,1704,this month,2025-07-09
MinerU,opendatalab,Python,38592,3168,3908,this month,2025-07-09
mcp-for-beginners,microsoft,Python,4834,1238,2888,this month,2025-07-09
gemini-balance,snailyp,Python,2928,502,1136,this month,2025-07-09
ottomator-agents,coleam00,Python,3434,1230,1389,this month,2025-07-09
AutoAgent,HKUDS,Python,5484,752,837,this month,2025-07-09
cai,aliasrobotics,Python,1619,208,566,this month,2025-07-09
lerobot,huggingface,Python,15651,2116,1462,this month,2025-07-09
boltz,jwohlwend,Python,3044,485,985,this month,2025-07-09
vggt,facebookresearch,Python,9582,918,2250,this month,2025-07-09
LMCache,LMCache,Python,2601,308,1239,this month,2025-07-09
deepeval,confident-ai,Python,9072,791,1932,this month,2025-07-09
dspy,stanfordnlp,Python,26218,2018,1175,this month,2025-07-09
flux,black-forest-labs,Python,23348,1679,1122,this month,2025-07-09
manim,ManimCommunity,Python,33401,2343,1281,this month,2025-07-09
manim,3b1b,Python,78767,6780,904,this month,2025-07-09
register,is-a-dev,JavaScript,6664,12630,3,today,2025-07-09
Sigma-Web-Dev-Course,CodeWithHarry,JavaScript,9233,2686,21,today,2025-07-09
Fabric,danielmiessler,JavaScript,32477,3351,109,today,2025-07-09
easy-dataset,ConardLi,JavaScript,9293,906,90,today,2025-07-09
react,facebook,JavaScript,237106,48873,39,today,2025-07-09
nuclei-templates,projectdiscovery,JavaScript,10429,2912,13,today,2025-07-09
Font-Awesome,FortAwesome,JavaScript,75422,12214,8,today,2025-07-09
svelte,sveltejs,JavaScript,83353,4557,22,today,2025-07-09
bruno,usebruno,JavaScript,35450,1734,41,today,2025-07-09
Chart.js,chartjs,JavaScript,66196,11952,16,today,2025-07-09
axios,axios,JavaScript,107188,11163,11,today,2025-07-09
gitlab-mcp,zereight,JavaScript,311,96,8,today,2025-07-09
one-api,songquanpeng,JavaScript,26064,5283,31,today,2025-07-09
overleaf,overleaf,JavaScript,16178,1662,125,today,2025-07-09
Mobile-Security-Framework-MobSF,MobSF,JavaScript,18972,3405,11,today,2025-07-09
drawdb,drawdb-io,JavaScript,31524,2247,734,this week,2025-07-09
context7,upstash,JavaScript,18953,960,2200,this week,2025-07-09
nginx-proxy-manager,NginxProxyManager,JavaScript,27394,3153,536,this week,2025-07-09
three.js,mrdoob,JavaScript,107513,35879,582,this week,2025-07-09
swagger-ui,swagger-api,JavaScript,27867,9149,328,this week,2025-07-09
Fabric,danielmiessler,JavaScript,32477,3351,482,this week,2025-07-09
javascript-algorithms,trekhleb,JavaScript,192064,30743,446,this week,2025-07-09
awesome-mac,jaywcjlove,JavaScript,84706,6592,393,this week,2025-07-09
Sigma-Web-Dev-Course,CodeWithHarry,JavaScript,9233,2686,249,this week,2025-07-09
anything-llm,Mintplex-Labs,JavaScript,46264,4643,320,this week,2025-07-09
label-studio,HumanSignal,JavaScript,23165,2876,365,this week,2025-07-09
EasySpider,NaiboWang,JavaScript,40274,4926,949,this week,2025-07-09
Web-Dev-For-Beginners,microsoft,JavaScript,90328,13652,2009,this month,2025-07-09
nginx-proxy-manager,NginxProxyManager,JavaScript,27394,3153,883,this month,2025-07-09
context7,upstash,JavaScript,18953,960,7233,this month,2025-07-09
3x-ui,MHSanaei,JavaScript,21239,4606,1236,this month,2025-07-09
nuclei-templates,projectdiscovery,JavaScript,10429,2912,193,this month,2025-07-09
Fabric,danielmiessler,JavaScript,32477,3351,1046,this month,2025-07-09
automatisch,automatisch,JavaScript,12535,917,3687,this month,2025-07-09
webvm,leaningtech,JavaScript,14456,2605,1378,this month,2025-07-09
Sigma-Web-Dev-Course,CodeWithHarry,JavaScript,9233,2686,643,this month,2025-07-09
label-studio,HumanSignal,JavaScript,23165,2876,757,this month,2025-07-09
javascript,airbnb,JavaScript,147049,26772,359,this month,2025-07-09
brave-browser,brave,JavaScript,19674,2655,314,this month,2025-07-09
three.js,mrdoob,JavaScript,107513,35879,1041,this month,2025-07-09
whatsapp-web.js,pedroslopez,JavaScript,17297,4204,339,this month,2025-07-09
javascript-algorithms,trekhleb,JavaScript,192064,30743,777,this month,2025-07-09
marktext,marktext,JavaScript,50340,3686,427,this month,2025-07-09
gitlab-mcp,zereight,JavaScript,311,96,140,this month,2025-07-09
meshery,meshery,JavaScript,7488,2450,289,this month,2025-07-09
spring-boot,spring-projects,Java,77706,41277,16,today,2025-07-09
openapi-generator,OpenAPITools,Java,24189,7026,8,today,2025-07-09
seatunnel,apache,Java,8631,2017,5,today,2025-07-09
hadoop,apache,Java,15162,9067,7,today,2025-07-09
rocketmq,apache,Java,21879,11897,2,today,2025-07-09
media,androidx,Java,2286,560,1,today,2025-07-09
thingsboard,thingsboard,Java,19300,5670,21,today,2025-07-09
xxl-job,xuxueli,Java,28987,11242,7,today,2025-07-09
Chat2DB,CodePhiliaX,Java,23557,2559,51,today,2025-07-09
mybatis-3,mybatis,Java,20135,12941,1,today,2025-07-09
spring-ai,spring-projects,Java,6037,1672,16,today,2025-07-09
kafka,apache,Java,30428,14493,9,today,2025-07-09
bazel,bazelbuild,Java,24284,4245,7,today,2025-07-09
gravitino,apache,Java,1685,528,2,today,2025-07-09
Shizuku-API,RikkaApps,Java,1448,426,4,today,2025-07-09
Stirling-PDF,Stirling-Tools,Java,63169,5361,54,today,2025-07-09
trino,trinodb,Java,11550,3255,7,today,2025-07-09
DependencyCheck,dependency-check,Java,7044,1355,1,today,2025-07-09
questdb,questdb,Java,15702,1436,351,this week,2025-07-09
fluss,apache,Java,1295,344,45,this week,2025-07-09
maven,apache,Java,4676,2751,22,this week,2025-07-09
Grasscutter,Grasscutters,Java,16566,4439,22,this week,2025-07-09
WxJava,binarywang,Java,31503,8915,93,this week,2025-07-09
java-genai,googleapis,Java,140,36,13,this week,2025-07-09
traccar,traccar,Java,6007,2830,39,this week,2025-07-09
Telegram-X,TGX-Android,Java,4341,713,47,this week,2025-07-09
ruoyi-vue-pro,YunaiV,Java,32137,6901,235,this week,2025-07-09
tomcat,apache,Java,7870,5203,10,this week,2025-07-09
spider-flow,ssssssss-team,Java,10511,2019,166,this week,2025-07-09
supersonic,tencentmusic,Java,3945,777,38,this week,2025-07-09
awesome-leetcode-resources,ashishps1,Java,11626,2650,210,this week,2025-07-09
DSA-Bootcamp-Java,kunal-kushwaha,Java,19591,12177,109,this week,2025-07-09
jdk,openjdk,Java,21313,6078,55,this week,2025-07-09
JavaGuide,Snailclimb,Java,150711,45910,178,this week,2025-07-09
android,nextcloud,Java,4698,1838,21,this week,2025-07-09
Ehviewer_CN_SXJ,xiaojieonly,Java,18189,484,163,this week,2025-07-09
openapi-generator,OpenAPITools,Java,24189,7026,73,this week,2025-07-09
kafka,apache,Java,30428,14493,60,this week,2025-07-09
keycloak,keycloak,Java,28144,7430,137,this week,2025-07-09
Telegram,DrKLO,Java,27058,8741,881,this month,2025-07-09
Java,TheAlgorithms,Java,62325,20056,582,this month,2025-07-09
termux-app,termux,Java,42998,4725,968,this month,2025-07-09
DSA-Bootcamp-Java,kunal-kushwaha,Java,19591,12177,407,this month,2025-07-09
kestra,kestra-io,Java,19646,1628,1333,this month,2025-07-09
questdb,questdb,Java,15702,1436,418,this month,2025-07-09
hello-algo,krahets,Java,114199,14143,1172,this month,2025-07-09
WxJava,binarywang,Java,31503,8915,293,this month,2025-07-09
revanced-patches,ReVanced,Java,3825,463,236,this month,2025-07-09
Geyser,GeyserMC,Java,5138,741,109,this month,2025-07-09
cloudstack,apache,Java,2445,1200,56,this month,2025-07-09
SmartTube,yuliskov,Java,23535,1256,571,this month,2025-07-09
gravitino,apache,Java,1685,528,120,this month,2025-07-09
ruoyi-vue-pro,YunaiV,Java,32137,6901,760,this month,2025-07-09
android,nextcloud,Java,4698,1838,73,this month,2025-07-09
syncthing-android,Catfriend1,Java,4231,135,363,this month,2025-07-09
Telegram-X,TGX-Android,Java,4341,713,117,this month,2025-07-09
arthas,alibaba,Java,36451,7565,147,this month,2025-07-09
BookLore,adityachandelgit,Java,2726,126,1751,this month,2025-07-09
fabric-example-mod,FabricMC,Java,1889,1046,44,this month,2025-07-09
maven,apache,Java,4676,2751,57,this month,2025-07-09
OpenSearch,opensearch-project,Java,11085,2287,206,this month,2025-07-09
oblivion,bepass-org,Java,4228,577,79,this month,2025-07-09
FreeRTOS-Kernel,FreeRTOS,C,3335,1294,6,today,2025-07-09
edk2,tianocore,C,5217,2787,6,today,2025-07-09
zephyr,zephyrproject-rtos,C,12432,7604,4,today,2025-07-09
civetweb,civetweb,C,3123,993,3,today,2025-07-09
MeshCore,ripplebiz,C,714,104,8,today,2025-07-09
OpenCorePkg,acidanthera,C,13999,2160,2,today,2025-07-09
u-boot,u-boot,C,4529,3988,4,today,2025-07-09
linux,raspberrypi,C,11834,5198,8,today,2025-07-09
curl,curl,C,38262,6764,9,today,2025-07-09
systemd,systemd,C,14355,4036,3,today,2025-07-09
linux,torvalds,C,197294,56872,100,today,2025-07-09
Flipper,UberGuidoZ,C,15527,3554,9,today,2025-07-09
wasm-micro-runtime,bytecodealliance,C,5434,704,6,today,2025-07-09
openwrt,openwrt,C,22977,11345,10,today,2025-07-09
mbedtls,Mbed-TLS,C,5991,2726,3,today,2025-07-09
sonic-buildimage,sonic-net,C,843,1583,0,today,2025-07-09
sqlcipher,sqlcipher,C,6697,1311,4,today,2025-07-09
raylib,raysan5,C,27135,2578,12,today,2025-07-09
librdkafka,confluentinc,C,690,3210,0,today,2025-07-09
Unity,ThrowTheSwitch,C,4592,1039,1,today,2025-07-09
openvpn,OpenVPN,C,12094,3127,58,this week,2025-07-09
lvgl,lvgl,C,20116,3702,85,this week,2025-07-09
openssl,openssl,C,27917,10653,224,this week,2025-07-09
php-src,php,C,39228,7908,41,this week,2025-07-09
immortalwrt,immortalwrt,C,8391,2482,63,this week,2025-07-09
nmap,nmap,C,11336,2571,38,this week,2025-07-09
obs-studio,obsproject,C,65461,8535,195,this week,2025-07-09
SDL,libsdl-org,C,12786,2242,90,this week,2025-07-09
littlefs,littlefs-project,C,5980,878,37,this week,2025-07-09
OpenCorePkg,acidanthera,C,13999,2160,32,this week,2025-07-09
rtl_433,merbanan,C,6690,1415,26,this week,2025-07-09
unleashed-firmware,DarkFlippers,C,19588,1621,53,this week,2025-07-09
redis,redis,C,69935,24116,121,this week,2025-07-09
winlator,brunodev85,C,13356,795,98,this week,2025-07-09
SketchyBar,FelixKratz,C,9267,131,97,this week,2025-07-09
libsql,tursodatabase,C,15143,407,148,this week,2025-07-09
esp-idf,espressif,C,15756,7751,69,this week,2025-07-09
tmux,tmux,C,38055,2220,141,this week,2025-07-09
nginx,nginx,C,27391,7415,85,this week,2025-07-09
MeshCore,ripplebiz,C,714,104,33,this week,2025-07-09
TOTEM,GEIGEIGEIST,C,1365,183,27,this week,2025-07-09
zapret,bol-van,C,11879,832,524,this month,2025-07-09
scrcpy,Genymobile,C,124858,11681,1664,this month,2025-07-09
esp-idf,espressif,C,15756,7751,363,this month,2025-07-09
rufus,pbatard,C,31984,2763,457,this month,2025-07-09
darktable,darktable-org,C,11066,1202,184,this month,2025-07-09
nginx,nginx,C,27391,7415,316,this month,2025-07-09
openwrt,openwrt,C,22977,11345,294,this month,2025-07-09
wazuh,wazuh,C,12862,1902,265,this month,2025-07-09
betaflight,betaflight,C,9648,3300,165,this month,2025-07-09
linux,torvalds,C,197294,56872,2253,this month,2025-07-09
pgvector,pgvector,C,16454,810,495,this month,2025-07-09
WindTerm,kingToolbox,C,27098,2096,570,this month,2025-07-09
ExplorerPatcher,valinet,C,27962,1151,447,this month,2025-07-09
ReZygisk,PerformanC,C,1604,159,309,this month,2025-07-09
open-gpu-kernel-modules,NVIDIA,C,15961,1430,116,this month,2025-07-09
timescaledb,timescale,C,19496,953,259,this month,2025-07-09
clay,nicbarker,C,14762,560,523,this month,2025-07-09
openvpn,OpenVPN,C,12094,3127,183,this month,2025-07-09
TDengine,taosdata,C,24082,4934,147,this month,2025-07-09
Telegram-iOS,TelegramMessenger,C,6874,1905,83,this month,2025-07-09
libimobiledevice,libimobiledevice,C,7151,1409,109,this month,2025-07-09
OpenCorePkg,acidanthera,C,13999,2160,108,this month,2025-07-09
MNN,alibaba,C++,12339,1984,19,today,2025-07-09
duckdb,duckdb,C++,30846,2427,35,today,2025-07-09
awesome-low-level-design,ashishps1,C++,15981,3932,50,today,2025-07-09
camoufox,daijro,C++,2605,213,21,today,2025-07-09
PX4-Autopilot,PX4,C++,9720,14176,14,today,2025-07-09
folly,facebook,C++,29547,5722,3,today,2025-07-09
KasmVNC,kasmtech,C++,4189,361,5,today,2025-07-09
deskflow,deskflow,C++,18805,4084,75,today,2025-07-09
envoy,envoyproxy,C++,26248,4995,9,today,2025-07-09
cutlass,NVIDIA,C++,7817,1305,6,today,2025-07-09
yaml-cpp,jbeder,C++,5543,1976,3,today,2025-07-09
openvino,openvinotoolkit,C++,8549,2645,7,today,2025-07-09
ORB_SLAM3,UZ-SLAMLab,C++,7448,2772,5,today,2025-07-09
magic_enum,Neargye,C++,5524,493,3,today,2025-07-09
Crow,CrowCpp,C++,4006,458,3,today,2025-07-09
Mooncake,kvcache-ai,C++,3528,298,9,today,2025-07-09
Catch2,catchorg,C++,19557,3120,4,today,2025-07-09
tensorflow,tensorflow,C++,190659,74747,26,today,2025-07-09
whisper.cpp,ggml-org,C++,41389,4431,31,today,2025-07-09
composable_kernel,ROCm,C++,434,208,0,today,2025-07-09
PlotJuggler,facontidavide,C++,5145,687,5,today,2025-07-09
re2,google,C++,9337,1164,1,today,2025-07-09
librealsense,IntelRealSense,C++,8029,4873,3,today,2025-07-09
ladybird,LadybirdBrowser,C++,45062,1919,1007,this week,2025-07-09
perfetto,google,C++,4323,511,149,this week,2025-07-09
carbon-lang,carbon-language,C++,33034,1500,86,this week,2025-07-09
awesome-low-level-design,ashishps1,C++,15981,3932,297,this week,2025-07-09
desktop,zen-browser,C++,34138,959,506,this week,2025-07-09
ncnn,Tencent,C++,21760,4280,53,this week,2025-07-09
thorium,Alex313031,C++,6177,200,278,this week,2025-07-09
OpenHashTab,namazso,C++,4046,178,32,this week,2025-07-09
deskflow,deskflow,C++,18805,4084,208,this week,2025-07-09
llama.cpp,ggml-org,C++,82783,12305,339,this week,2025-07-09
ESP32Marauder,justcallmekoko,C++,7967,868,79,this week,2025-07-09
Parabolic,NickvisionApps,C++,3008,138,132,this week,2025-07-09
nekoray,Mahdi-zarei,C++,1534,91,88,this week,2025-07-09
sherpa-onnx,k2-fsa,C++,6623,761,80,this week,2025-07-09
Millennium,SteamClientHomebrew,C++,1996,57,36,this week,2025-07-09
3FS,deepseek-ai,C++,9129,915,57,this week,2025-07-09
opencv,opencv,C++,82982,56211,141,this week,2025-07-09
colmap,colmap,C++,8938,1683,53,this week,2025-07-09
JoltPhysics,jrouwe,C++,8109,547,45,this week,2025-07-09
x64dbg,x64dbg,C++,46457,2563,84,this week,2025-07-09
godot,godotengine,C++,98743,22748,254,this week,2025-07-09
llamafile,Mozilla-Ocho,C++,22749,1197,60,this week,2025-07-09
shadPS4,shadps4-emu,C++,23009,1461,117,this week,2025-07-09
Hyprland,hyprwm,C++,26810,1140,271,this week,2025-07-09
deskflow,deskflow,C++,18805,4084,841,this month,2025-07-09
firmware,meshtastic,C++,5054,1320,221,this month,2025-07-09
NotepadNext,dail8859,C++,11751,698,1379,this month,2025-07-09
pcsx2,PCSX2,C++,13207,1723,177,this month,2025-07-09
awesome-low-level-design,ashishps1,C++,15981,3932,1167,this month,2025-07-09
MNN,alibaba,C++,12339,1984,904,this month,2025-07-09
RTranslator,niedev,C++,8787,777,781,this month,2025-07-09
nekoray,Mahdi-zarei,C++,1534,91,294,this month,2025-07-09
amnezia-client,amnezia-vpn,C++,7428,482,253,this month,2025-07-09
Hyprland,hyprwm,C++,26810,1140,965,this month,2025-07-09
dragonfly,dragonflydb,C++,28473,1055,325,this month,2025-07-09
notepad-plus-plus,notepad-plus-plus,C++,25085,4875,323,this month,2025-07-09
TensorRT-LLM,NVIDIA,C++,10961,1566,299,this month,2025-07-09
whisper.cpp,ggml-org,C++,41389,4431,818,this month,2025-07-09
C-Plus-Plus,TheAlgorithms,C++,32329,7423,477,this month,2025-07-09
YimMenuV2,YimMenu,C++,505,128,215,this month,2025-07-09
mlx,ml-explore,C++,21364,1262,538,this month,2025-07-09
tt-metal,tenstorrent,C++,985,219,84,this month,2025-07-09
Paddle,PaddlePaddle,C++,23016,5767,184,this month,2025-07-09
duckstation,stenzek,C++,8459,751,112,this month,2025-07-09
isle-portable,isledecomp,C++,799,74,636,this month,2025-07-09
unitree_sdk2,unitreerobotics,C++,521,153,57,this month,2025-07-09
fprime,nasa,C++,10363,1394,49,this month,2025-07-09
typesense,typesense,C++,23780,786,658,this month,2025-07-09
NSMB-MarioVsLuigi,ipodtouch0218,C#,819,324,20,today,2025-07-09
PowerToys,microsoft,C#,120728,7166,65,today,2025-07-09
semantic-kernel,microsoft,C#,25341,4041,15,today,2025-07-09
spectre.console,spectreconsole,C#,10388,569,7,today,2025-07-09
CleanArchitecture,jasontaylordev,C#,18480,3906,7,today,2025-07-09
DotNetGuide,YSGStudyHards,C#,8757,1283,19,today,2025-07-09
git-credential-manager,git-ecosystem,C#,7823,2193,7,today,2025-07-09
azure-sdk-for-net,Azure,C#,5810,4996,1,today,2025-07-09
runtime,dotnet,C#,16609,5079,6,today,2025-07-09
MudBlazor,MudBlazor,C#,9268,1465,7,today,2025-07-09
radzen-blazor,radzenhq,C#,4007,894,2,today,2025-07-09
abp,abpframework,C#,13612,3577,2,today,2025-07-09
ToastFish,Uahh,C#,5907,471,9,today,2025-07-09
NBTExplorer,jaquadro,C#,2592,312,2,today,2025-07-09
server,bitwarden,C#,16803,1416,4,today,2025-07-09
wpfui,lepoco,C#,8535,855,10,today,2025-07-09
RevokeMsgPatcher,huiyadanli,C#,33396,3701,17,today,2025-07-09
ml-agents,Unity-Technologies,C#,18373,4302,9,today,2025-07-09
openai-dotnet,openai,C#,2127,285,5,today,2025-07-09
eShop,dotnet,C#,8389,2814,3,today,2025-07-09
ShareX,ShareX,C#,32972,3415,11,today,2025-07-09
openiddict-core,openiddict,C#,4853,560,7,today,2025-07-09
azure-powershell,Azure,C#,4485,4017,2,today,2025-07-09
sourcegit,sourcegit-scm,C#,2580,240,5,today,2025-07-09
PowerToys,microsoft,C#,120728,7166,339,this week,2025-07-09
Bulk-Crap-Uninstaller,Klocman,C#,15216,696,140,this week,2025-07-09
Avalonia,AvaloniaUI,C#,28105,2430,80,this week,2025-07-09
elsa-core,elsa-workflows,C#,7169,1356,22,this week,2025-07-09
N_m3u8DL-RE,nilaoda,C#,6091,642,54,this week,2025-07-09
sourcegit,sourcegit-scm,C#,2580,240,39,this week,2025-07-09
DnsServer,TechnitiumSoftware,C#,5750,499,83,this week,2025-07-09
AssetRipper,AssetRipper,C#,5470,676,45,this week,2025-07-09
ET,egametang,C#,9359,3166,22,this week,2025-07-09
Kavita,Kareadita,C#,8302,455,68,this week,2025-07-09
ILSpy,icsharpcode,C#,23266,3500,68,this week,2025-07-09
git-credential-manager,git-ecosystem,C#,7823,2193,41,this week,2025-07-09
csharplang,dotnet,C#,12139,1053,25,this week,2025-07-09
eShop,dotnet,C#,8389,2814,52,this week,2025-07-09
duplicati,duplicati,C#,12853,976,59,this week,2025-07-09
Lidarr,Lidarr,C#,4259,289,27,this week,2025-07-09
mcp-unity,CoderGamester,C#,733,89,36,this week,2025-07-09
ExplorerTabUtility,w4po,C#,1208,24,96,this week,2025-07-09
UniTask,Cysharp,C#,9575,919,44,this week,2025-07-09
maui-samples,dotnet,C#,3438,1411,10,this week,2025-07-09
CleanArchitecture,ardalis,C#,17207,2944,32,this week,2025-07-09
maui,dotnet,C#,22781,1855,16,this week,2025-07-09
YoutubeDownloader,Tyrrrz,C#,12192,1572,479,this month,2025-07-09
PowerShell,PowerShell,C#,47930,7704,405,this month,2025-07-09
mcp-unity,CoderGamester,C#,733,89,148,this month,2025-07-09
v2rayN,2dust,C#,82737,12896,1862,this month,2025-07-09
Lean,QuantConnect,C#,11751,3577,262,this month,2025-07-09
PowerToys,microsoft,C#,120728,7166,1120,this month,2025-07-09
RevokeMsgPatcher,huiyadanli,C#,33396,3701,460,this month,2025-07-09
better-genshin-impact,babalae,C#,9376,615,690,this month,2025-07-09
Flyby11,builtbybel,C#,2237,146,325,this month,2025-07-09
ILSpy,icsharpcode,C#,23266,3500,229,this month,2025-07-09
osu,ppy,C#,16861,2468,206,this month,2025-07-09
PEASS-ng,peass-ng,C#,17867,3253,230,this month,2025-07-09
DevToys,DevToys-app,C#,29323,1591,360,this month,2025-07-09
UndertaleModTool,UnderminersTeam,C#,1495,277,80,this month,2025-07-09
DnsServer,TechnitiumSoftware,C#,5750,499,292,this month,2025-07-09
UIEffect,mob-sakai,C#,6506,851,101,this month,2025-07-09
lively,rocksdanister,C#,16640,1141,212,this month,2025-07-09
Avalonia,AvaloniaUI,C#,28105,2430,310,this month,2025-07-09
server,bitwarden,C#,16803,1416,185,this month,2025-07-09
SwarmUI,mcmonkeyprojects,C#,2813,258,186,this month,2025-07-09
g-helper,seerge,C#,10294,368,352,this month,2025-07-09
FModel,4sval,C#,2121,325,101,this month,2025-07-09
maui,dotnet,C#,22781,1855,87,this month,2025-07-09
Playnite,JosefNemec,C#,10978,548,242,this month,2025-07-09
genai-toolbox,googleapis,Go,3682,316,962,today,2025-07-09
res-downloader,putyy,Go,8131,986,193,today,2025-07-09
fzf,junegunn,Go,71703,2541,104,today,2025-07-09
opentelemetry-collector,open-telemetry,Go,5373,1677,9,today,2025-07-09
go-whatsapp-web-multidevice,aldinokemal,Go,1853,478,94,today,2025-07-09
alloy,grafana,Go,2227,366,5,today,2025-07-09
github-mcp-server,github,Go,17072,1295,86,today,2025-07-09
mediamtx,bluenviron,Go,15032,1832,11,today,2025-07-09
gofr,gofr-dev,Go,11925,1745,104,today,2025-07-09
argo-cd,argoproj,Go,20021,6159,11,today,2025-07-09
loki,grafana,Go,25939,3712,12,today,2025-07-09
telegraf,influxdata,Go,15739,5658,3,today,2025-07-09
sonic,bytedance,Go,8358,397,16,today,2025-07-09
memos,usememos,Go,42593,3033,66,today,2025-07-09
nuclei,projectdiscovery,Go,23933,2803,34,today,2025-07-09
aibrix,vllm-project,Go,3890,391,11,today,2025-07-09
grpc-gateway,grpc-ecosystem,Go,19358,2322,2,today,2025-07-09
trivy,aquasecurity,Go,27409,2617,14,today,2025-07-09
optimism,ethereum-optimism,Go,6123,3632,0,today,2025-07-09
volcano,volcano-sh,Go,4811,1152,4,today,2025-07-09
go2rtc,AlexxIT,Go,9284,687,13,today,2025-07-09
fiber,gofiber,Go,37079,1819,8,today,2025-07-09
genai-toolbox,googleapis,Go,3682,316,1056,this week,2025-07-09
pocketbase,pocketbase,Go,48828,2460,766,this week,2025-07-09
res-downloader,putyy,Go,8131,986,454,this week,2025-07-09
go-whatsapp-web-multidevice,aldinokemal,Go,1853,478,456,this week,2025-07-09
wails,wailsapp,Go,29000,1412,147,this week,2025-07-09
frp,fatedier,Go,96020,14201,343,this week,2025-07-09
openbao,openbao,Go,4089,226,77,this week,2025-07-09
memos,usememos,Go,42593,3033,356,this week,2025-07-09
lago,getlago,Go,7885,402,66,this week,2025-07-09
ntfy,binwiederhier,Go,24900,979,957,this week,2025-07-09
tidb,pingcap,Go,38699,5969,46,this week,2025-07-09
rule,qichiyuhub,Go,540,534,48,this week,2025-07-09
observability-zero-to-hero,iam-veeramalla,Go,2229,3436,36,this week,2025-07-09
CloudflareSpeedTest,XIU2,Go,22184,4380,145,this week,2025-07-09
vitess,vitessio,Go,19818,2216,71,this week,2025-07-09
nightingale,ccfos,Go,11128,1536,62,this week,2025-07-09
genai-toolbox,googleapis,Go,3682,316,1466,this month,2025-07-09
frankenphp,php,Go,9618,351,1626,this month,2025-07-09
cloudreve,cloudreve,Go,23986,3618,688,this month,2025-07-09
buildkit,moby,Go,9191,1263,398,this month,2025-07-09
sing-box,SagerNet,Go,24937,2947,836,this month,2025-07-09
awesome-go,avelino,Go,146999,12390,2048,this month,2025-07-09
Xray-core,XTLS,Go,29826,4401,1028,this month,2025-07-09
filebrowser,filebrowser,Go,30217,3385,916,this month,2025-07-09
netbird,netbirdio,Go,17046,788,1948,this month,2025-07-09
cli,cli,Go,39773,6746,479,this month,2025-07-09
gitleaks,gitleaks,Go,21416,1674,1281,this month,2025-07-09
res-downloader,putyy,Go,8131,986,1013,this month,2025-07-09
kubernetes,kubernetes,Go,116228,40915,763,this month,2025-07-09
livekit,livekit,Go,13304,1239,454,this month,2025-07-09
gitea,go-gitea,Go,49476,5907,554,this month,2025-07-09
v2ray-core,v2fly,Go,31430,4843,285,this month,2025-07-09
bubbletea,charmbracelet,Go,33024,934,1037,this month,2025-07-09
github-mcp-server,github,Go,17072,1295,1924,this month,2025-07-09
ntfy,binwiederhier,Go,24900,979,1485,this month,2025-07-09
wireguard-go,WireGuard,Go,3584,1232,92,this month,2025-07-09
strapi,strapi,TypeScript,67391,8697,21,today,2025-07-09
n8n,n8n-io,TypeScript,116475,34673,380,today,2025-07-09
12-factor-agents,humanlayer,TypeScript,7916,494,789,today,2025-07-09
playwright-mcp,microsoft,TypeScript,14287,1010,93,today,2025-07-09
jan,menloresearch,TypeScript,34463,2011,148,today,2025-07-09
youtube-music,th-ch,TypeScript,25524,1381,329,today,2025-07-09
angular,angular,TypeScript,98268,26382,11,today,2025-07-09
superset,apache,TypeScript,67016,15289,57,today,2025-07-09
eliza,elizaOS,TypeScript,16319,5265,31,today,2025-07-09
Folo,RSSNext,TypeScript,28210,1247,279,today,2025-07-09
whispering,braden-w,TypeScript,870,76,60,today,2025-07-09
checkout,actions,TypeScript,6692,2051,5,today,2025-07-09
BiliTools,btjawa,TypeScript,2414,157,218,today,2025-07-09
grafana,grafana,TypeScript,68884,12760,24,today,2025-07-09
webstudio,webstudio-is,TypeScript,7254,1132,41,today,2025-07-09
vitepress,vuejs,TypeScript,15209,2412,12,today,2025-07-09
bknd,bknd-io,TypeScript,1887,53,93,today,2025-07-09
Cap,CapSoftware,TypeScript,10250,627,26,today,2025-07-09
tech-interview-handbook,yangshun,TypeScript,127484,15536,27,today,2025-07-09
Folo,RSSNext,TypeScript,28210,1247,884,this week,2025-07-09
scira,zaidmukaddam,TypeScript,9624,1175,990,this week,2025-07-09
sim,simstudioai,TypeScript,4648,696,455,this week,2025-07-09
kilocode,Kilo-Org,TypeScript,4001,321,2271,this week,2025-07-09
infisical,Infisical,TypeScript,18728,1248,503,this week,2025-07-09
directus,directus,TypeScript,31529,4290,487,this week,2025-07-09
12-factor-agents,humanlayer,TypeScript,7916,494,2243,this week,2025-07-09
youtube-music,th-ch,TypeScript,25524,1381,2394,this week,2025-07-09
BiliTools,btjawa,TypeScript,2414,157,828,this week,2025-07-09
motia,MotiaDev,TypeScript,3794,309,1024,this week,2025-07-09
profile-readme-generator,maurodesouza,TypeScript,2210,479,107,this week,2025-07-09
omni-tools,iib0011,TypeScript,4906,238,996,this week,2025-07-09
LibreChat,danny-avila,TypeScript,27783,4950,458,this week,2025-07-09
AFFiNE,toeverything,TypeScript,52957,3535,828,this week,2025-07-09
UI-TARS-desktop,bytedance,TypeScript,15084,1342,176,this week,2025-07-09
metamask-extension,MetaMask,TypeScript,12652,5233,27,this week,2025-07-09
jan,menloresearch,TypeScript,34463,2011,5085,this month,2025-07-09
twenty,twentyhq,TypeScript,33569,3727,5414,this month,2025-07-09
prompt-optimizer,linshenkx,TypeScript,9215,1154,3647,this month,2025-07-09
kilocode,Kilo-Org,TypeScript,4001,321,3055,this month,2025-07-09
12-factor-agents,humanlayer,TypeScript,7916,494,2908,this month,2025-07-09
midday,midday-ai,TypeScript,9044,851,1059,this month,2025-07-09
base-ui,mui,TypeScript,4698,184,1808,this month,2025-07-09
clash-verge-rev,clash-verge-rev,TypeScript,64725,4905,3980,this month,2025-07-09
Folo,RSSNext,TypeScript,28210,1247,1548,this month,2025-07-09
Flowise,FlowiseAI,TypeScript,41249,21153,1577,this month,2025-07-09
note-gen,codexu,TypeScript,6061,393,2225,this month,2025-07-09
effect,Effect-TS,TypeScript,10414,355,1108,this month,2025-07-09
jsoncrack.com,AykutSarac,TypeScript,39337,2633,1656,this month,2025-07-09
scira,zaidmukaddam,TypeScript,9624,1175,1309,this month,2025-07-09
n8n-mcp-server,leonardsellem,TypeScript,793,134,407,this month,2025-07-09
firecrawl,mendableai,TypeScript,42670,4018,3101,this month,2025-07-09
tweakcn,jnsahaj,TypeScript,5383,279,1779,this month,2025-07-09
rustfs,rustfs,Rust,3616,180,644,today,2025-07-09
dioxus,DioxusLabs,Rust,29414,1218,40,today,2025-07-09
refact,smallcloudai,Rust,2827,236,23,today,2025-07-09
sniffnet,GyulyVGC,Rust,27496,894,310,today,2025-07-09
rustdesk,rustdesk,Rust,92356,13427,81,today,2025-07-09
goose,block,Rust,15670,1319,61,today,2025-07-09
influxdb,influxdata,Rust,30297,3627,5,today,2025-07-09
biome,biomejs,Rust,20003,635,51,today,2025-07-09
rig,0xPlaygrounds,Rust,3920,419,9,today,2025-07-09
pingora,cloudflare,Rust,24556,1427,13,today,2025-07-09
reth,paradigmxyz,Rust,4781,1699,2,today,2025-07-09
boundless,boundless-xyz,Rust,85,69,6,today,2025-07-09
risingwave,risingwavelabs,Rust,7964,657,8,today,2025-07-09
stalwart,stalwartlabs,Rust,9029,445,24,today,2025-07-09
mistral.rs,EricLBuehler,Rust,5837,428,20,today,2025-07-09
greptimedb,GreptimeTeam,Rust,5364,390,9,today,2025-07-09
solana-program-library,solana-labs,Rust,3999,2308,3,today,2025-07-09
tokio,tokio-rs,Rust,29010,2683,13,today,2025-07-09
sniffnet,GyulyVGC,Rust,27496,894,1805,this week,2025-07-09
turso,tursodatabase,Rust,11890,449,547,this week,2025-07-09
ZLUDA,vosen,Rust,12487,780,867,this week,2025-07-09
influxdb,influxdata,Rust,30297,3627,45,this week,2025-07-09
refact,smallcloudai,Rust,2827,236,525,this week,2025-07-09
hyperswitch,juspay,Rust,21976,3907,899,this week,2025-07-09
EasyTier,EasyTier,Rust,5535,476,197,this week,2025-07-09
convex-backend,get-convex,Rust,5635,292,235,this week,2025-07-09
baml,BoundaryML,Rust,4495,197,250,this week,2025-07-09
vaultwarden,dani-garcia,Rust,46532,2195,326,this week,2025-07-09
tauri,tauri-apps,Rust,94370,2947,276,this week,2025-07-09
just,casey,Rust,26389,562,167,this week,2025-07-09
jj,jj-vcs,Rust,17189,576,392,this week,2025-07-09
archgw,katanemo,Rust,3077,170,136,this week,2025-07-09
lance,lancedb,Rust,5010,383,82,this week,2025-07-09
zellij,zellij-org,Rust,25078,765,259,this week,2025-07-09
tfhe-rs,zama-ai,Rust,1300,214,42,this week,2025-07-09
rust,rust-lang,Rust,104905,13519,205,this week,2025-07-09
Graphite,GraphiteEditor,Rust,18753,789,1665,this week,2025-07-09
warpgate,warp-tech,Rust,4858,151,56,this week,2025-07-09
amazon-q-developer-cli,aws,Rust,1005,177,79,this week,2025-07-09
embassy,embassy-rs,Rust,7061,1100,55,this week,2025-07-09
uv,astral-sh,Rust,60858,1738,860,this week,2025-07-09
tensorzero,tensorzero,Rust,8511,536,3625,this month,2025-07-09
biome,biomejs,Rust,20003,635,802,this month,2025-07-09
turso,tursodatabase,Rust,11890,449,874,this month,2025-07-09
niri,YaLTeR,Rust,9506,334,1707,this month,2025-07-09
rustdesk,rustdesk,Rust,92356,13427,2302,this month,2025-07-09
vaultwarden,dani-garcia,Rust,46532,2195,1316,this month,2025-07-09
Graphite,GraphiteEditor,Rust,18753,789,6936,this month,2025-07-09
slint,slint-ui,Rust,19795,700,499,this month,2025-07-09
sniffnet,GyulyVGC,Rust,27496,894,2918,this month,2025-07-09
harper,Automattic,Rust,6690,161,2272,this month,2025-07-09
dioxus,DioxusLabs,Rust,29414,1218,1534,this month,2025-07-09
Seelen-UI,eythaann,Rust,9756,308,2633,this month,2025-07-09
lance,lancedb,Rust,5010,383,273,this month,2025-07-09
goose,block,Rust,15670,1319,1527,this month,2025-07-09
oxc,oxc-project,Rust,15584,607,948,this month,2025-07-09
amazon-q-developer-cli,aws,Rust,1005,177,250,this month,2025-07-09
awesome-rust,rust-unofficial,Rust,51391,2963,718,this month,2025-07-09
typst,typst,Rust,43854,1169,2170,this month,2025-07-09
just,casey,Rust,26389,562,599,this month,2025-07-09
rust,rust-lang,Rust,104905,13519,906,this month,2025-07-09
rerun,rerun-io,Rust,8813,487,281,this month,2025-07-09
surrealdb,surrealdb,Rust,29601,1009,282,this month,2025-07-09
egui,emilk,Rust,25669,1775,631,this month,2025-07-09
firecracker,firecracker-microvm,Rust,28452,1974,361,this month,2025-07-09
canine,czhu12,Ruby,2041,75,49,today,2025-07-09
homebrew-core,Homebrew,Ruby,14454,12905,7,today,2025-07-09
huginn,huginn,Ruby,46677,4023,36,today,2025-07-09
faker,faker-ruby,Ruby,11377,3181,1,today,2025-07-09
maybe,maybe-finance,Ruby,44913,3315,23,today,2025-07-09
fastlane,fastlane,Ruby,40334,5900,6,today,2025-07-09
otwarchive,otwcode,Ruby,1579,576,3,today,2025-07-09
brew,Homebrew,Ruby,44162,10330,10,today,2025-07-09
gollum,gollum,Ruby,14061,1559,12,today,2025-07-09
devise,heartcombo,Ruby,24204,5536,1,today,2025-07-09
docuseal,docusealco,Ruby,9343,696,3,today,2025-07-09
openstreetmap-website,openstreetmap,Ruby,2434,977,9,today,2025-07-09
mastodon,mastodon,Ruby,48555,7211,8,today,2025-07-09
chatwoot,chatwoot,Ruby,24388,4835,21,today,2025-07-09
dd-trace-rb,DataDog,Ruby,363,394,0,today,2025-07-09
canvas-lms,instructure,Ruby,6082,2708,2,today,2025-07-09
postal,postalserver,Ruby,15666,1136,3,today,2025-07-09
ruby,ruby,Ruby,22735,5434,4,today,2025-07-09
flexile,antiwork,Ruby,537,157,5,today,2025-07-09
discourse,discourse,Ruby,44486,8568,15,today,2025-07-09
dependabot-core,dependabot,Ruby,5121,1141,1,today,2025-07-09
rails,rails,Ruby,57054,21862,10,today,2025-07-09
ruby-advisory-db,rubysec,Ruby,1033,222,0,today,2025-07-09
openproject,opf,Ruby,11439,2657,84,this week,2025-07-09
devdocs,freeCodeCamp,Ruby,36528,2436,61,this week,2025-07-09
chatwoot,chatwoot,Ruby,24388,4835,134,this week,2025-07-09
rails,rails,Ruby,57054,21862,41,this week,2025-07-09
huginn,huginn,Ruby,46677,4023,93,this week,2025-07-09
openstreetmap-website,openstreetmap,Ruby,2434,977,11,this week,2025-07-09
discourse,discourse,Ruby,44486,8568,67,this week,2025-07-09
canine,czhu12,Ruby,2041,75,188,this week,2025-07-09
otwarchive,otwcode,Ruby,1579,576,15,this week,2025-07-09
mastodon,mastodon,Ruby,48555,7211,59,this week,2025-07-09
brew,Homebrew,Ruby,44162,10330,96,this week,2025-07-09
redmine,redmine,Ruby,5673,2374,14,this week,2025-07-09
zammad,zammad,Ruby,4939,838,14,this week,2025-07-09
ruby,ruby,Ruby,22735,5434,17,this week,2025-07-09
liquid,Shopify,Ruby,11408,1466,10,this week,2025-07-09
jekyll,jekyll,Ruby,50300,10138,34,this week,2025-07-09
lobsters,lobsters,Ruby,4356,883,9,this week,2025-07-09
styles,citation-style-language,Ruby,3530,3913,4,this week,2025-07-09
endoflife.date,endoflife-date,Ruby,2870,959,13,this week,2025-07-09
Dress,Cute-Dress,Ruby,1535,261,10,this week,2025-07-09
gitlabhq,gitlabhq,Ruby,24023,5753,12,this week,2025-07-09
demo,dependabot,Ruby,231,3211,5,this week,2025-07-09
newrelic-ruby-agent,newrelic,Ruby,1201,609,1,this week,2025-07-09
gem_rbs_collection,ruby,Ruby,282,126,0,this week,2025-07-09
gumroad,antiwork,Ruby,6392,1024,399,this month,2025-07-09
devdocs,freeCodeCamp,Ruby,36528,2436,209,this month,2025-07-09
chatwoot,chatwoot,Ruby,24388,4835,459,this month,2025-07-09
engineering-blogs,kilimchoi,Ruby,34727,1826,1568,this month,2025-07-09
ruby-sdk,modelcontextprotocol,Ruby,292,43,121,this month,2025-07-09
brew,Homebrew,Ruby,44162,10330,369,this month,2025-07-09
linguist,github-linguist,Ruby,12860,4579,98,this month,2025-07-09
mastodon,mastodon,Ruby,48555,7211,223,this month,2025-07-09
explore,github,Ruby,4447,13300,31,this month,2025-07-09
flexile,antiwork,Ruby,537,157,19,this month,2025-07-09
liquid,Shopify,Ruby,11408,1466,50,this month,2025-07-09
rails,rails,Ruby,57054,21862,146,this month,2025-07-09
homebrew-cask,Homebrew,Ruby,21444,10999,69,this month,2025-07-09
homebrew-core,Homebrew,Ruby,14454,12905,112,this month,2025-07-09
aws-sdk-ruby,aws,Ruby,3618,1223,7,this month,2025-07-09
otwarchive,otwcode,Ruby,1579,576,36,this month,2025-07-09
openproject,opf,Ruby,11439,2657,226,this month,2025-07-09
jekyll,jekyll,Ruby,50300,10138,189,this month,2025-07-09
solid_queue,rails,Ruby,2146,182,24,this month,2025-07-09
remote-working,greatghoul,Ruby,10957,868,90,this month,2025-07-09
choosealicense.com,github,Ruby,3875,1427,27,this month,2025-07-09
dd-trace-rb,DataDog,Ruby,363,394,4,this month,2025-07-09
vagrant,hashicorp,Ruby,26760,4442,86,this month,2025-07-09
metasploit-framework,rapid7,Ruby,35871,14398,226,this month,2025-07-09
LiquidBounce,CCBlueX,Kotlin,1820,545,6,today,2025-07-09
Manager,Aliucord,Kotlin,315,46,38,today,2025-07-09
Calendar,FossifyOrg,Kotlin,1293,93,5,today,2025-07-09
kotlin,JetBrains,Kotlin,50909,5959,7,today,2025-07-09
architecture-samples,android,Kotlin,45148,11776,5,today,2025-07-09
aniyomi-extensions,yuzono,Kotlin,101,18,4,today,2025-07-09
Meshtastic-Android,meshtastic,Kotlin,949,276,5,today,2025-07-09
reader,hectorqin,Kotlin,9746,5372,3,today,2025-07-09
mockk,mockk,Kotlin,5595,375,0,today,2025-07-09
aniyomi,aniyomiorg,Kotlin,6089,414,6,today,2025-07-09
legado,gedoor,Kotlin,37674,4450,48,today,2025-07-09
ksp,google,Kotlin,3146,323,2,today,2025-07-09
nowinandroid,android,Kotlin,19121,3678,8,today,2025-07-09
koin,InsertKoinIO,Kotlin,9535,747,7,today,2025-07-09
Android,duckduckgo,Kotlin,4193,1000,3,today,2025-07-09
detekt,detekt,Kotlin,6574,803,2,today,2025-07-09
chains,ethereum-lists,Kotlin,9747,7375,1,today,2025-07-09
Calendar,kizitonwose,Kotlin,5217,545,2,today,2025-07-09
p3c,alibaba,Kotlin,30670,8072,2,today,2025-07-09
android,home-assistant,Kotlin,2839,765,22,this week,2025-07-09
Magisk,topjohnwu,Kotlin,54229,14250,227,this week,2025-07-09
Signal-Android,signalapp,Kotlin,27286,6458,60,this week,2025-07-09
florisboard,florisboard,Kotlin,7182,467,42,this week,2025-07-09
Exposed,JetBrains,Kotlin,8838,738,17,this week,2025-07-09
fanqiang,bannedbook,Kotlin,40029,7366,62,this week,2025-07-09
nowinandroid,android,Kotlin,19121,3678,67,this week,2025-07-09
BiliRoamingX,BiliRoamingX,Kotlin,3065,219,29,this week,2025-07-09
ktor,ktorio,Kotlin,13754,1158,38,this week,2025-07-09
LiquidBounce,CCBlueX,Kotlin,1820,545,19,this week,2025-07-09
animeko,open-ani,Kotlin,8369,204,348,this week,2025-07-09
quickstart-android,firebase,Kotlin,9098,7381,11,this week,2025-07-09
compose-samples,android,Kotlin,21864,5141,48,this week,2025-07-09
InstallWithOptions,zacharee,Kotlin,1708,80,30,this week,2025-07-09
Metrolist,mostafaalagamy,Kotlin,1763,89,114,this week,2025-07-09
Kotatsu,KotatsuApp,Kotlin,5996,256,57,this week,2025-07-09
APatch,bmax121,Kotlin,5957,495,59,this week,2025-07-09
Maestro,mobile-dev-inc,Kotlin,8099,413,93,this week,2025-07-09
aniyomi-extensions,yuzono,Kotlin,101,18,17,this week,2025-07-09
ByeDPIAndroid,dovecoteescapee,Kotlin,4239,237,32,this week,2025-07-09
MiceWine-Application,KreitinnSoftware,Kotlin,1020,50,21,this week,2025-07-09
Auxio,OxygenCobalt,Kotlin,2803,191,53,this week,2025-07-09
v2rayNG,2dust,Kotlin,42498,6151,1105,this month,2025-07-09
quarkdown,iamgio,Kotlin,8393,179,3168,this month,2025-07-09
gkd,gkd-kit,Kotlin,29417,1449,1564,this month,2025-07-09
Metrolist,mostafaalagamy,Kotlin,1763,89,481,this month,2025-07-09
Magisk,topjohnwu,Kotlin,54229,14250,813,this month,2025-07-09
ImageToolbox,T8RIN,Kotlin,8713,379,1229,this month,2025-07-09
Maestro,mobile-dev-inc,Kotlin,8099,413,221,this month,2025-07-09
breezy-weather,breezy-weather,Kotlin,7484,246,371,this month,2025-07-09
Android-Native-Root-Detector,reveny,Kotlin,606,75,161,this month,2025-07-09
Shizuku,RikkaApps,Kotlin,15485,988,721,this month,2025-07-09
nowinandroid,android,Kotlin,19121,3678,298,this month,2025-07-09
android,bitwarden,Kotlin,7527,875,144,this month,2025-07-09
Anki-Android,ankidroid,Kotlin,9719,2471,123,this month,2025-07-09
NekoBoxForAndroid,MatsuriDayo,Kotlin,14862,1225,443,this month,2025-07-09
APatch,bmax121,Kotlin,5957,495,218,this month,2025-07-09
okhttp,square,Kotlin,46509,9218,115,this month,2025-07-09
KernelSU,tiann,Kotlin,12940,2468,340,this month,2025-07-09
mihon,mihonapp,Kotlin,14473,655,579,this month,2025-07-09
extensions-source,keiyoushi,Kotlin,2960,713,95,this month,2025-07-09
ksp,google,Kotlin,3146,323,59,this month,2025-07-09
ktor,ktorio,Kotlin,13754,1158,116,this month,2025-07-09
Smart-AutoClicker,Nain57,Kotlin,2571,453,106,this month,2025-07-09
filament,filamentphp,PHP,24747,3572,32,today,2025-07-09
wallabag,wallabag,PHP,11713,819,51,today,2025-07-09
magento2,magento,PHP,11845,9394,0,today,2025-07-09
dolibarr,Dolibarr,PHP,6249,3008,11,today,2025-07-09
snipe-it,grokability,PHP,12429,3461,6,today,2025-07-09
framework,laravel,PHP,33801,11440,9,today,2025-07-09
elementor,elementor,PHP,6702,1464,0,today,2025-07-09
PHP-CS-Fixer,PHP-CS-Fixer,PHP,13240,1605,8,today,2025-07-09
pint,laravel,PHP,2947,157,2,today,2025-07-09
glpi,glpi-project,PHP,4937,1416,11,today,2025-07-09
rector,rectorphp,PHP,9782,722,6,today,2025-07-09
woocommerce,woocommerce,PHP,9848,10762,4,today,2025-07-09
composer,composer,PHP,29033,4655,3,today,2025-07-09
larastan,larastan,PHP,5983,460,1,today,2025-07-09
dujiaoka,assimon,PHP,10740,2491,9,today,2025-07-09
wordpress-develop,WordPress,PHP,2807,2960,4,today,2025-07-09
drush,drush-ops,PHP,2359,1096,0,today,2025-07-09
readme-typing-svg,DenverCoder1,PHP,7161,1225,12,today,2025-07-09
PocketMine-MP,pmmp,PHP,3400,1596,3,today,2025-07-09
mapos,RamonSilva20,PHP,984,640,1,today,2025-07-09
Xboard,cedar2025,PHP,2927,757,7,today,2025-07-09
Xboard,cedar2025,PHP,2927,757,38,this week,2025-07-09
glpi,glpi-project,PHP,4937,1416,56,this week,2025-07-09
speedtest-tracker,alexjustesen,PHP,3980,141,74,this week,2025-07-09
wallabag,wallabag,PHP,11713,819,93,this week,2025-07-09
PHP-CS-Fixer,PHP-CS-Fixer,PHP,13240,1605,29,this week,2025-07-09
countries-states-cities-database,dr5hn,PHP,8500,2809,45,this week,2025-07-09
server,nextcloud,PHP,30112,4337,105,this week,2025-07-09
koel,koel,PHP,16556,2019,21,this week,2025-07-09
woocommerce,woocommerce,PHP,9848,10762,10,this week,2025-07-09
BookStack,BookStackApp,PHP,16920,2138,49,this week,2025-07-09
filament,filamentphp,PHP,24747,3572,158,this week,2025-07-09
mautic,mautic,PHP,8296,2901,32,this week,2025-07-09
bagisto,bagisto,PHP,19712,2549,189,this week,2025-07-09
moukthar,Tomiwa-Ot,PHP,585,145,28,this week,2025-07-09
SecLists,danielmiessler,PHP,64024,24470,181,this week,2025-07-09
2FAuth,Bubka,PHP,2892,199,38,this week,2025-07-09
PocketMine-MP,pmmp,PHP,3400,1596,11,this week,2025-07-09
solidtime,solidtime-io,PHP,7077,362,42,this week,2025-07-09
coolify,coollabsio,PHP,43220,2693,224,this week,2025-07-09
all-in-one,nextcloud,PHP,7342,813,73,this week,2025-07-09
matomo,matomo-org,PHP,20653,2734,25,this week,2025-07-09
filament,filamentphp,PHP,24747,3572,865,this month,2025-07-09
coolify,coollabsio,PHP,43220,2693,1194,this month,2025-07-09
panel,pterodactyl,PHP,7813,2140,172,this month,2025-07-09
all-in-one,nextcloud,PHP,7342,813,370,this month,2025-07-09
SecLists,danielmiessler,PHP,64024,24470,773,this month,2025-07-09
server,nextcloud,PHP,30112,4337,394,this month,2025-07-09
glpi,glpi-project,PHP,4937,1416,120,this month,2025-07-09
laravel-crm,krayin,PHP,15690,1104,678,this month,2025-07-09
github-readme-streak-stats,DenverCoder1,PHP,5764,948,119,this month,2025-07-09
PrestaShop,PrestaShop,PHP,8639,4941,58,this month,2025-07-09
Wallos,ellite,PHP,5601,239,669,this month,2025-07-09
Xboard,cedar2025,PHP,2927,757,128,this month,2025-07-09
monica,monicahq,PHP,23081,2324,252,this month,2025-07-09
woocommerce,woocommerce,PHP,9848,10762,45,this month,2025-07-09
bagisto,bagisto,PHP,19712,2549,728,this month,2025-07-09
snipe-it,grokability,PHP,12429,3461,162,this month,2025-07-09
PHP-CS-Fixer,PHP-CS-Fixer,PHP,13240,1605,66,this month,2025-07-09
magento2,magento,PHP,11845,9394,42,this month,2025-07-09
rector,rectorphp,PHP,9782,722,108,this month,2025-07-09
roundcubemail,roundcube,PHP,6380,1688,82,this month,2025-07-09
openemr,openemr,PHP,3542,2412,50,this month,2025-07-09
koel,koel,PHP,16556,2019,82,this month,2025-07-09
swift-composable-architecture,pointfreeco,Swift,13455,1549,6,today,2025-07-09
XcodeGen,yonaskolb,Swift,7499,839,20,today,2025-07-09
SwiftLint,realm,Swift,19076,2259,3,today,2025-07-09
Alamofire,Alamofire,Swift,41979,7620,3,today,2025-07-09
swift-package-manager,swiftlang,Swift,9964,1405,2,today,2025-07-09
swift-syntax,swiftlang,Swift,3465,442,3,today,2025-07-09
swift-snapshot-testing,pointfreeco,Swift,3969,628,1,today,2025-07-09
Kingfisher,onevcat,Swift,23935,2714,4,today,2025-07-09
apollo-ios,apollographql,Swift,3957,750,1,today,2025-07-09
swift-collections,apple,Swift,4121,333,2,today,2025-07-09
Applite,milanvarady,Swift,5180,122,22,today,2025-07-09
swift-nio,apple,Swift,8189,687,1,today,2025-07-09
Charts,ChartsOrg,Swift,27901,6044,3,today,2025-07-09
swiftui-introspect,siteline,Swift,6161,381,0,today,2025-07-09
RxSwift,ReactiveX,Swift,24615,4188,0,today,2025-07-09
swift-markdown-ui,gonzalezreal,Swift,3298,426,2,today,2025-07-09
GRDB.swift,groue,Swift,7608,765,3,today,2025-07-09
Delta,rileytestut,Swift,5447,409,22,today,2025-07-09
swift-system,apple,Swift,1272,119,3,today,2025-07-09
AltStore,altstoreio,Swift,12618,1068,4,today,2025-07-09
tuist,tuist,Swift,5138,636,3,today,2025-07-09
Kingfisher,onevcat,Swift,23935,2714,28,this week,2025-07-09
awesome-ios,vsouza,Swift,49332,6912,81,this week,2025-07-09
AudioKit,AudioKit,Swift,11051,1593,17,this week,2025-07-09
mlx-swift-examples,ml-explore,Swift,1941,270,31,this week,2025-07-09
XcodeGen,yonaskolb,Swift,7499,839,46,this week,2025-07-09
Delta,rileytestut,Swift,5447,409,31,this week,2025-07-09
ios,nextcloud,Swift,2148,933,4,this week,2025-07-09
OnlySwitch,jacklandrin,Swift,4933,215,78,this week,2025-07-09
GRDB.swift,groue,Swift,7608,765,23,this week,2025-07-09
AeroSpace,nikitabobko,Swift,13770,278,190,this week,2025-07-09
firefox-ios,mozilla-mobile,Swift,12605,3062,7,this week,2025-07-09
react-native-video,TheWidlarzGroup,Swift,7447,2973,18,this week,2025-07-09
Alamofire,Alamofire,Swift,41979,7620,14,this week,2025-07-09
facebook-ios-sdk,facebook,Swift,7900,3624,3,this week,2025-07-09
apollo-ios,apollographql,Swift,3957,750,6,this week,2025-07-09
VoiceInk,Beingpax,Swift,1050,128,67,this week,2025-07-09
Amethyst,ianyh,Swift,15488,498,29,this week,2025-07-09
alt-tab-macos,lwouis,Swift,12799,381,56,this week,2025-07-09
SwiftLint,realm,Swift,19076,2259,19,this week,2025-07-09
CodeEdit,CodeEditApp,Swift,21932,1104,27,this week,2025-07-09
swift-syntax,swiftlang,Swift,3465,442,9,this week,2025-07-09
CopilotForXcode,github,Swift,4355,825,205,this month,2025-07-09
VoiceInk,Beingpax,Swift,1050,128,273,this month,2025-07-09
IceCubesApp,Dimillian,Swift,6392,622,176,this month,2025-07-09
Feather,khcrysalis,Swift,2468,192,252,this month,2025-07-09
Ice,jordanbaird,Swift,20379,377,819,this month,2025-07-09
swift-nio,apple,Swift,8189,687,43,this month,2025-07-09
swiftui-introspect,siteline,Swift,6161,381,74,this month,2025-07-09
vapor,vapor,Swift,25376,1490,180,this month,2025-07-09
SwiftLint,realm,Swift,19076,2259,66,this month,2025-07-09
Kingfisher,onevcat,Swift,23935,2714,81,this month,2025-07-09
RxSwift,ReactiveX,Swift,24615,4188,53,this month,2025-07-09
Bark,Finb,Swift,6267,507,125,this month,2025-07-09
AlDente-Battery_Care_and_Monitoring,AppHouseKitchen,Swift,8526,315,128,this month,2025-07-09
PlayCover,PlayCover,Swift,9704,809,155,this month,2025-07-09
tuist,tuist,Swift,5138,636,80,this month,2025-07-09
XcodesApp,XcodesOrg,Swift,7748,335,176,this month,2025-07-09
XcodeGen,yonaskolb,Swift,7499,839,90,this month,2025-07-09
swift-collections,apple,Swift,4121,333,62,this month,2025-07-09
Rectangle,rxhanson,Swift,27221,836,197,this month,2025-07-09
proxypin,wanghongenpin,Dart,9335,810,92,today,2025-07-09
ente,ente-io,Dart,20407,1162,238,today,2025-07-09
flutter,flutter,Dart,171310,28828,14,today,2025-07-09
movie,waifu-project,Dart,251,48,11,today,2025-07-09
packages,flutter,Dart,4773,3353,3,today,2025-07-09
Cashew,jameskokoska,Dart,3113,461,12,today,2025-07-09
gopeed,GopeedLab,Dart,19489,1343,25,today,2025-07-09
BloomeeTunes,HemantKArya,Dart,817,70,29,today,2025-07-09
cake_wallet,cake-tech,Dart,1084,245,1,today,2025-07-09
samples,flutter,Dart,18367,7751,5,today,2025-07-09
flutter_inappwebview,pichillilorenzo,Dart,3562,1874,0,today,2025-07-09
KazumiRules,Predidit,Dart,705,46,9,today,2025-07-09
Kazumi,Predidit,Dart,12573,329,111,today,2025-07-09
riverpod,rrousselGit,Dart,6749,1003,0,today,2025-07-09
getx,jonataslaw,Dart,10923,1676,1,today,2025-07-09
flutter_local_notifications,MaikuB,Dart,2591,1494,2,today,2025-07-09
AppFlowy,AppFlowy-IO,Dart,64331,4423,23,today,2025-07-09
flutter_file_picker,miguelpruivo,Dart,1455,780,0,today,2025-07-09
sdk,dart-lang,Dart,10680,1666,1,today,2025-07-09
FlClash,chen08209,Dart,18889,1128,39,today,2025-07-09
flutter_chat_ui,flyerhq,Dart,1933,786,3,today,2025-07-09
finamp,jmshrv,Dart,2825,175,6,today,2025-07-09
ente,ente-io,Dart,20407,1162,361,this week,2025-07-09
gopeed,GopeedLab,Dart,19489,1343,128,this week,2025-07-09
Obtainium,ImranR98,Dart,11665,277,119,this week,2025-07-09
pilipala,guozhigq,Dart,11485,607,296,this week,2025-07-09
proxypin,wanghongenpin,Dart,9335,810,179,this week,2025-07-09
karing,KaringX,Dart,5783,496,95,this week,2025-07-09
Harmony-Music,anandnet,Dart,2159,178,52,this week,2025-07-09
flutterfire,firebase,Dart,8967,4060,19,this week,2025-07-09
samples,flutter,Dart,18367,7751,32,this week,2025-07-09
Kazumi,Predidit,Dart,12573,329,606,this week,2025-07-09
BloomeeTunes,HemantKArya,Dart,817,70,66,this week,2025-07-09
bloc,felangel,Dart,12190,3424,12,this week,2025-07-09
AppFlowy,AppFlowy-IO,Dart,64331,4423,166,this week,2025-07-09
packages,flutter,Dart,4773,3353,9,this week,2025-07-09
Openlib,dstark5,Dart,1561,72,15,this week,2025-07-09
PicaComic,wgh136,Dart,8290,993,24,this week,2025-07-09
plus_plugins,fluttercommunity,Dart,1755,1126,1,this week,2025-07-09
finamp,jmshrv,Dart,2825,175,21,this week,2025-07-09
localsend,localsend,Dart,64176,3425,399,this week,2025-07-09
KazumiRules,Predidit,Dart,705,46,33,this week,2025-07-09
localsend,localsend,Dart,64176,3425,2035,this month,2025-07-09
hiddify-app,hiddify,Dart,22052,1945,627,this month,2025-07-09
Obtainium,ImranR98,Dart,11665,277,502,this month,2025-07-09
revanced-manager,ReVanced,Dart,22062,862,685,this month,2025-07-09
FlClash,chen08209,Dart,18889,1128,1027,this month,2025-07-09
awesome-flutter,Solido,Dart,56406,6764,404,this month,2025-07-09
proxypin,wanghongenpin,Dart,9335,810,383,this month,2025-07-09
pilipala,guozhigq,Dart,11485,607,615,this month,2025-07-09
ente,ente-io,Dart,20407,1162,836,this month,2025-07-09
fluffychat,krille-chan,Dart,1675,312,95,this month,2025-07-09
Cashew,jameskokoska,Dart,3113,461,194,this month,2025-07-09
Kazumi,Predidit,Dart,12573,329,1359,this month,2025-07-09
flutterfire,firebase,Dart,8967,4060,58,this month,2025-07-09
flutter,flutter,Dart,171310,28828,653,this month,2025-07-09
refreezer,DJDoubleD,Dart,735,22,95,this month,2025-07-09
BloomeeTunes,HemantKArya,Dart,817,70,99,this month,2025-07-09
Harmony-Music,anandnet,Dart,2159,178,151,this month,2025-07-09
karing,KaringX,Dart,5783,496,351,this month,2025-07-09
PicaComic,wgh136,Dart,8290,993,93,this month,2025-07-09
riverpod,rrousselGit,Dart,6749,1003,66,this month,2025-07-09
ohmyzsh,ohmyzsh,Shell,179789,26135,43,today,2025-07-09
tfenv,tfutils,Shell,4739,467,2,today,2025-07-09
nvm,nvm-sh,Shell,85706,9008,20,today,2025-07-09
claude-desktop-debian,aaddrick,Shell,838,171,8,today,2025-07-09
Docker-OSX,sickcodes,Shell,50893,2834,32,today,2025-07-09
bats-core,bats-core,Shell,5385,434,3,today,2025-07-09
kubestarter,LondheShubham153,Shell,448,2566,4,today,2025-07-09
release,openshift,Shell,299,1918,0,today,2025-07-09
zsh-syntax-highlighting,zsh-users,Shell,21358,1345,6,today,2025-07-09
leetcode-master,youngyangyang04,Shell,57127,12067,32,today,2025-07-09
DevOps-Bash-tools,HariSekhon,Shell,6890,1291,10,today,2025-07-09
reinstall,bin456789,Shell,5922,1001,12,today,2025-07-09
winapps,winapps-org,Shell,2805,119,10,today,2025-07-09
Qwen3,QwenLM,Shell,22455,1514,39,today,2025-07-09
macos,dockur,Shell,15588,638,3420,this week,2025-07-09
Docker-OSX,sickcodes,Shell,50893,2834,126,this week,2025-07-09
vscodium,VSCodium,Shell,27878,1331,84,this week,2025-07-09
windows,dockur,Shell,36352,2685,257,this week,2025-07-09
ohmyzsh,ohmyzsh,Shell,179789,26135,211,this week,2025-07-09
clash-for-linux-install,nelvko,Shell,2580,389,149,this week,2025-07-09
nvm,nvm-sh,Shell,85706,9008,161,this week,2025-07-09
certified-kubernetes-administrator-course,kodekloudhub,Shell,9143,8610,46,this week,2025-07-09
v2ray-agent,mack-a,Shell,16218,4964,51,this week,2025-07-09
Arch-Hyprland,JaKooLit,Shell,3144,269,55,this week,2025-07-09
docker-minecraft-server,itzg,Shell,11558,1712,60,this week,2025-07-09
awesome-jellyfin,awesome-jellyfin,Shell,3753,102,70,this week,2025-07-09
WinterBreak,KindleModding,Shell,1104,23,27,this week,2025-07-09
leetcode-master,youngyangyang04,Shell,57127,12067,153,this week,2025-07-09
omakub,basecamp,Shell,6743,655,97,this week,2025-07-09
public-image-mirror,DaoCloud,Shell,10690,1247,96,this week,2025-07-09
Qwen3,QwenLM,Shell,22455,1514,150,this week,2025-07-09
nvm,nvm-sh,Shell,85706,9008,816,this month,2025-07-09
omakub,basecamp,Shell,6743,655,323,this month,2025-07-09
clash-for-linux-install,nelvko,Shell,2580,389,581,this month,2025-07-09
macos,dockur,Shell,15588,638,3504,this month,2025-07-09
certified-kubernetes-administrator-course,kodekloudhub,Shell,9143,8610,162,this month,2025-07-09
Docker-OSX,sickcodes,Shell,50893,2834,342,this month,2025-07-09
huly-selfhost,hcengineering,Shell,2532,250,189,this month,2025-07-09
bazzite,ublue-os,Shell,5791,441,246,this month,2025-07-09
awesome-hacker-search-engines,edoardottt,Shell,8918,846,152,this month,2025-07-09
VPN,aditya-shri,Shell,1132,1303,45,this month,2025-07-09
v2ray,233boy,Shell,26400,16521,240,this month,2025-07-09
quickemu,quickemu-project,Shell,12224,540,236,this month,2025-07-09
terminal-bench,laude-institute,Shell,234,59,79,this month,2025-07-09
ohmyzsh,ohmyzsh,Shell,179789,26135,873,this month,2025-07-09
n8n-hosting,n8n-io,Shell,720,422,140,this month,2025-07-09
spark,apache,Scala,41423,28675,10,today,2025-07-09
deequ,awslabs,Scala,3453,558,4,today,2025-07-09
delta,delta-io,Scala,8136,1868,5,today,2025-07-09
joern,joernio,Scala,2487,332,4,today,2025-07-09
the-algorithm,twitter,Scala,63388,12154,11,today,2025-07-09
rocket-chip,chipsalliance,Scala,3489,1174,3,today,2025-07-09
texera,Texera,Scala,184,89,1,today,2025-07-09
XiangShan,OpenXiangShan,Scala,6479,779,2,today,2025-07-09
delta-sharing,delta-io,Scala,850,199,0,today,2025-07-09
lila,lichess-org,Scala,16836,2432,8,today,2025-07-09
spark-rapids,NVIDIA,Scala,909,255,1,today,2025-07-09
scala3,scala,Scala,6062,1105,4,today,2025-07-09
incubator-gluten,apache,Scala,1384,554,0,today,2025-07-09
kyuubi,apache,Scala,2215,948,1,today,2025-07-09
gatling,gatling,Scala,6717,1214,1,today,2025-07-09
metals,scalameta,Scala,2207,381,1,today,2025-07-09
chipyard,ucb-bar,Scala,1893,727,2,today,2025-07-09
TheHive,TheHive-Project,Scala,3725,659,1,today,2025-07-09
Cortex,TheHive-Project,Scala,1441,242,0,today,2025-07-09
bfg-repo-cleaner,rtyley,Scala,11622,566,3,today,2025-07-09
sbt,sbt,Scala,4850,950,0,today,2025-07-09
gitbucket,gitbucket,Scala,9268,1254,0,today,2025-07-09
XiangShan,OpenXiangShan,Scala,6479,779,20,this week,2025-07-09
zio,zio,Scala,4229,1357,2,this week,2025-07-09
lila,lichess-org,Scala,16836,2432,37,this week,2025-07-09
the-algorithm,twitter,Scala,63388,12154,54,this week,2025-07-09
spark,apache,Scala,41423,28675,51,this week,2025-07-09
SynapseML,microsoft,Scala,5146,848,1,this week,2025-07-09
scala,scala,Scala,14389,3114,3,this week,2025-07-09
azure-maven-archetypes,microsoft,Scala,23,34,0,this week,2025-07-09
playframework,playframework,Scala,12579,4095,4,this week,2025-07-09
deequ,awslabs,Scala,3453,558,12,this week,2025-07-09
delta,delta-io,Scala,8136,1868,15,this week,2025-07-09
joern,joernio,Scala,2487,332,20,this week,2025-07-09
rocket-chip,chipsalliance,Scala,3489,1174,8,this week,2025-07-09
sbt,sbt,Scala,4850,950,2,this week,2025-07-09
gitbucket,gitbucket,Scala,9268,1254,5,this week,2025-07-09
Cortex,TheHive-Project,Scala,1441,242,2,this week,2025-07-09
TheHive,TheHive-Project,Scala,3725,659,10,this week,2025-07-09
chisel,chipsalliance,Scala,4332,632,11,this week,2025-07-09
kyuubi,apache,Scala,2215,948,1,this week,2025-07-09
splice,hyperledger-labs,Scala,33,22,2,this week,2025-07-09
bfg-repo-cleaner,rtyley,Scala,11622,566,18,this week,2025-07-09
gemmini,ucb-bar,Scala,989,203,11,this week,2025-07-09
chipyard,ucb-bar,Scala,1893,727,7,this week,2025-07-09
spark,apache,Scala,41423,28675,216,this month,2025-07-09
delta,delta-io,Scala,8136,1868,77,this month,2025-07-09
the-algorithm,twitter,Scala,63388,12154,178,this month,2025-07-09
splice,hyperledger-labs,Scala,33,22,7,this month,2025-07-09
kyuubi,apache,Scala,2215,948,19,this month,2025-07-09
cats-effect,typelevel,Scala,2138,557,9,this month,2025-07-09
joern,joernio,Scala,2487,332,63,this month,2025-07-09
playframework,playframework,Scala,12579,4095,15,this month,2025-07-09
lila,lichess-org,Scala,16836,2432,134,this month,2025-07-09
scala3,scala,Scala,6062,1105,37,this month,2025-07-09
XiangShan,OpenXiangShan,Scala,6479,779,64,this month,2025-07-09
akka,akka,Scala,13173,3587,21,this month,2025-07-09
chisel,chipsalliance,Scala,4332,632,41,this month,2025-07-09
chipyard,ucb-bar,Scala,1893,727,29,this month,2025-07-09
deequ,awslabs,Scala,3453,558,28,this month,2025-07-09
bfg-repo-cleaner,rtyley,Scala,11622,566,73,this month,2025-07-09
gitbucket,gitbucket,Scala,9268,1254,18,this month,2025-07-09
incubator-gluten,apache,Scala,1384,554,24,this month,2025-07-09
daml,digital-asset,Scala,817,211,4,this month,2025-07-09
gatling,gatling,Scala,6717,1214,47,this month,2025-07-09
TheHive,TheHive-Project,Scala,3725,659,50,this month,2025-07-09
gemmini,ucb-bar,Scala,989,203,33,this month,2025-07-09
seurat,satijalab,R,2463,950,1,today,2025-07-09
phyloseq,joey711,R,616,190,0,today,2025-07-09
CellChat,sqjin,R,709,159,0,today,2025-07-09
signac,stuart-lab,R,377,98,1,today,2025-07-09
ComplexHeatmap,jokergoo,R,1388,237,0,today,2025-07-09
infercnv,broadinstitute,R,625,177,0,today,2025-07-09
DoubletFinder,chris-mcginnis-ucsf,R,480,119,0,today,2025-07-09
data.table,Rdatatable,R,3751,1009,0,today,2025-07-09
hdWGCNA,smorabit,R,419,42,0,today,2025-07-09
reticulate,rstudio,R,1708,345,1,today,2025-07-09
dada2,benjjneb,R,509,151,0,today,2025-07-09
renv,rstudio,R,1077,156,0,today,2025-07-09
ggpubr,kassambara,R,1188,176,1,today,2025-07-09
seurat-wrappers,satijalab,R,340,137,1,today,2025-07-09
TwoSampleMR,MRCIEU,R,497,184,0,today,2025-07-09
shiny,rstudio,R,5494,1881,0,today,2025-07-09
sf,r-spatial,R,1379,301,0,today,2025-07-09
dplyr,tidyverse,R,4896,2128,0,today,2025-07-09
harmony,immunogenomics,R,580,103,0,today,2025-07-09
clusterProfiler,YuLab-SMU,R,1098,262,0,today,2025-07-09
ggplot2,tidyverse,R,6722,2090,1,today,2025-07-09
swirl_courses,swirldev,R,4436,7248,0,today,2025-07-09
ellmer,tidyverse,R,482,85,5,this week,2025-07-09
seurat,satijalab,R,2463,950,5,this week,2025-07-09
data.table,Rdatatable,R,3751,1009,3,this week,2025-07-09
shiny,rstudio,R,5494,1881,2,this week,2025-07-09
DoubletFinder,chris-mcginnis-ucsf,R,480,119,1,this week,2025-07-09
infercnv,broadinstitute,R,625,177,1,this week,2025-07-09
CellChat,sqjin,R,709,159,2,this week,2025-07-09
ProgrammingAssignment2,rdpeng,R,857,144001,0,this week,2025-07-09
swirl_courses,swirldev,R,4436,7248,4,this week,2025-07-09
clusterProfiler,YuLab-SMU,R,1098,262,0,this week,2025-07-09
r4ds,hadley,R,4824,4311,6,this week,2025-07-09
harmony,immunogenomics,R,580,103,0,this week,2025-07-09
dada2,benjjneb,R,509,151,0,this week,2025-07-09
ComplexHeatmap,jokergoo,R,1388,237,1,this week,2025-07-09
ProgrammingAssignment2,rdpeng,R,857,144001,1,this month,2025-07-09
data.table,Rdatatable,R,3751,1009,20,this month,2025-07-09
r4ds,hadley,R,4824,4311,24,this month,2025-07-09
shiny,rstudio,R,5494,1881,14,this month,2025-07-09
signac,stuart-lab,R,377,98,3,this month,2025-07-09
seurat,satijalab,R,2463,950,19,this month,2025-07-09
swirl_courses,swirldev,R,4436,7248,14,this month,2025-07-09
CellChat,sqjin,R,709,159,9,this month,2025-07-09
harmony,immunogenomics,R,580,103,4,this month,2025-07-09
DoubletFinder,chris-mcginnis-ucsf,R,480,119,7,this month,2025-07-09
infercnv,broadinstitute,R,625,177,8,this month,2025-07-09
devtools,r-lib,R,2460,763,7,this month,2025-07-09
monocle3,cole-trapnell-lab,R,390,107,4,this month,2025-07-09
FlameGraph,brendangregg,Perl,18452,2035,9,today,2025-07-09
glpi-agent,glpi-project,Perl,308,81,0,today,2025-07-09
ACLPUB,acl-org,Perl,234,204,0,today,2025-07-09
prokka,tseemann,Perl,912,234,0,today,2025-07-09
Znuny,znuny,Perl,482,101,0,today,2025-07-09
centreon-plugins,centreon,Perl,321,288,0,today,2025-07-09
ocpi,ocpi,Perl,503,216,1,today,2025-07-09
TrimGalore,FelixKrueger,Perl,513,154,0,today,2025-07-09
lcov,linux-test-project,Perl,1010,249,1,today,2025-07-09
BRAKER,Gaius-Augustus,Perl,414,90,0,today,2025-07-09
trinityrnaseq,trinityrnaseq,Perl,863,319,0,today,2025-07-09
cloc,AlDanial,Perl,21267,1069,11,today,2025-07-09
packetfence,inverse-inc,Perl,1505,304,3,today,2025-07-09
ora2pg,darold,Perl,1114,359,1,today,2025-07-09
snippy,tseemann,Perl,530,115,0,today,2025-07-09
pgbadger,darold,Perl,3762,360,2,today,2025-07-09
LANraragi,Difegue,Perl,2578,185,2,today,2025-07-09
diff-so-fancy,so-fancy,Perl,17697,335,0,today,2025-07-09
MySQLTuner-perl,major,Perl,9244,1297,1,today,2025-07-09
openfortivpn,adrienverge,Perl,2976,340,0,today,2025-07-09
openkore,OpenKore,Perl,1376,1150,0,today,2025-07-09
owasp-modsecurity-crs,SpiderLabs,Perl,2467,732,0,today,2025-07-09
lm-sensors,lm-sensors,Perl,988,284,0,today,2025-07-09
cloc,AlDanial,Perl,21267,1069,90,this week,2025-07-09
.dotfiles,ThePrimeagen,Perl,3331,315,10,this week,2025-07-09
aws-cdk-guide,awsdocs,Perl,351,222,0,this week,2025-07-09
ocpi,ocpi,Perl,503,216,2,this week,2025-07-09
Znuny,znuny,Perl,482,101,3,this week,2025-07-09
sanoid,jimsalterjrs,Perl,3419,330,15,this week,2025-07-09
centreon-plugins,centreon,Perl,321,288,0,this week,2025-07-09
trinityrnaseq,trinityrnaseq,Perl,863,319,1,this week,2025-07-09
perl5,Perl,Perl,2133,585,5,this week,2025-07-09
FlameGraph,brendangregg,Perl,18452,2035,40,this week,2025-07-09
packetfence,inverse-inc,Perl,1505,304,7,this week,2025-07-09
lcov,linux-test-project,Perl,1010,249,4,this week,2025-07-09
prokka,tseemann,Perl,912,234,2,this week,2025-07-09
glpi-agent,glpi-project,Perl,308,81,3,this week,2025-07-09
TrimGalore,FelixKrueger,Perl,513,154,1,this week,2025-07-09
fusioninventory-agent,fusioninventory,Perl,261,127,0,this week,2025-07-09
MySQLTuner-perl,major,Perl,9244,1297,6,this week,2025-07-09
zap2xml,jef,Perl,73,24,1,this week,2025-07-09
openkore,OpenKore,Perl,1376,1150,38,this month,2025-07-09
FlameGraph,brendangregg,Perl,18452,2035,184,this month,2025-07-09
cloc,AlDanial,Perl,21267,1069,273,this month,2025-07-09
a-shell,holzschu,Perl,3091,133,55,this month,2025-07-09
glpi-agent,glpi-project,Perl,308,81,8,this month,2025-07-09
dejavu-fonts,dejavu-fonts,Perl,813,107,7,this month,2025-07-09
xmltv,Catch-up-TV-and-More,Perl,30,12,0,this month,2025-07-09
centreon-plugins,centreon,Perl,321,288,3,this month,2025-07-09
pgbadger,darold,Perl,3762,360,26,this month,2025-07-09
Znuny,znuny,Perl,482,101,11,this month,2025-07-09
diff-so-fancy,so-fancy,Perl,17697,335,61,this month,2025-07-09
ModSecurity-nginx,owasp-modsecurity,Perl,1709,295,25,this month,2025-07-09
ddclient,ddclient,Perl,2939,363,64,this month,2025-07-09
zm-build,Zimbra,Perl,208,91,4,this month,2025-07-09
fusioninventory-agent,fusioninventory,Perl,261,127,1,this month,2025-07-09
ora2pg,darold,Perl,1114,359,8,this month,2025-07-09
openfortivpn,adrienverge,Perl,2976,340,35,this month,2025-07-09
.dotfiles,ThePrimeagen,Perl,3331,315,32,this month,2025-07-09
perl5,Perl,Perl,2133,585,22,this month,2025-07-09
anoma,anoma,Elixir,30956,3902,200,today,2025-07-09
analytics,plausible,Elixir,22846,1240,14,today,2025-07-09
phoenix_live_view,phoenixframework,Elixir,6536,991,3,today,2025-07-09
teslamate,teslamate-org,Elixir,6848,831,6,today,2025-07-09
ash,ash-project,Elixir,1972,291,7,today,2025-07-09
elixir-ls,elixir-lsp,Elixir,1633,217,3,today,2025-07-09
elixir_sense,elixir-lsp,Elixir,319,41,0,today,2025-07-09
sequin,sequinstream,Elixir,1431,67,5,today,2025-07-09
ecto,elixir-ecto,Elixir,6334,1458,0,today,2025-07-09
blockscout,blockscout,Elixir,4050,2751,1,today,2025-07-09
awesome-elixir,h4cc,Elixir,12921,1188,1,today,2025-07-09
elixir,elixir-lang,Elixir,25447,3439,1,today,2025-07-09
phoenix,phoenixframework,Elixir,22247,2984,1,today,2025-07-09
algora,algora-io,Elixir,478,30,5,today,2025-07-09
electric,electric-sql,Elixir,8702,240,5,today,2025-07-09
anoma,anoma,Elixir,30956,3902,1238,this week,2025-07-09
elixir,elixir-lang,Elixir,25447,3439,31,this week,2025-07-09
phoenix_live_view,phoenixframework,Elixir,6536,991,14,this week,2025-07-09
awesome-elixir,h4cc,Elixir,12921,1188,10,this week,2025-07-09
paginator,duffelhq,Elixir,798,98,1,this week,2025-07-09
ash,ash-project,Elixir,1972,291,21,this week,2025-07-09
electric,electric-sql,Elixir,8702,240,31,this week,2025-07-09
timex,bitwalker,Elixir,1787,395,2,this week,2025-07-09
opentelemetry-erlang-contrib,open-telemetry,Elixir,183,143,1,this week,2025-07-09
sequin,sequinstream,Elixir,1431,67,23,this week,2025-07-09
teslamate,teslamate-org,Elixir,6848,831,20,this week,2025-07-09
algora,algora-io,Elixir,478,30,24,this week,2025-07-09
keila,pentacent,Elixir,1732,109,11,this week,2025-07-09
blockscout,blockscout,Elixir,4050,2751,9,this week,2025-07-09
phoenix,phoenixframework,Elixir,22247,2984,21,this week,2025-07-09
langchain,brainlid,Elixir,928,129,6,this week,2025-07-09
pinchflat,kieraneglin,Elixir,3309,78,30,this week,2025-07-09
realtime,supabase,Elixir,7181,371,14,this week,2025-07-09
supavisor,supabase,Elixir,1965,74,9,this week,2025-07-09
analytics,plausible,Elixir,22846,1240,59,this week,2025-07-09
anoma,anoma,Elixir,30956,3902,1923,this month,2025-07-09
phoenix,phoenixframework,Elixir,22247,2984,128,this month,2025-07-09
realtime,supabase,Elixir,7181,371,57,this month,2025-07-09
ecto,elixir-ecto,Elixir,6334,1458,28,this month,2025-07-09
pinchflat,kieraneglin,Elixir,3309,78,127,this month,2025-07-09
elixir,elixir-lang,Elixir,25447,3439,181,this month,2025-07-09
phoenix_live_view,phoenixframework,Elixir,6536,991,40,this month,2025-07-09
electric,electric-sql,Elixir,8702,240,171,this month,2025-07-09
hermes-mcp,cloudwalk,Elixir,230,15,59,this month,2025-07-09
ash,ash-project,Elixir,1972,291,69,this month,2025-07-09
analytics,plausible,Elixir,22846,1240,247,this month,2025-07-09
paginator,duffelhq,Elixir,798,98,6,this month,2025-07-09
blockscout,OffchainLabs,Elixir,47,24,1,this month,2025-07-09
langchain,brainlid,Elixir,928,129,33,this month,2025-07-09
timex,bitwalker,Elixir,1787,395,11,this month,2025-07-09
awesome-elixir,h4cc,Elixir,12921,1188,37,this month,2025-07-09
blockscout,blockscout,Elixir,4050,2751,50,this month,2025-07-09
ex_crypto,ntrepid8,Elixir,156,51,0,this month,2025-07-09
protobuf,elixir-protobuf,Elixir,880,151,10,this month,2025-07-09
firezone,firezone,Elixir,7380,324,93,this month,2025-07-09
pandoc,jgm,Haskell,38267,3573,12,today,2025-07-09
hadolint,hadolint,Haskell,11324,457,3,today,2025-07-09
postgrest,PostgREST,Haskell,25485,1104,3,today,2025-07-09
shellcheck,koalaman,Haskell,37665,1831,5,today,2025-07-09
agda,agda,Haskell,2669,378,0,today,2025-07-09
cabal,haskell,Haskell,1676,714,1,today,2025-07-09
shellcheck,koalaman,Haskell,37665,1831,37,this week,2025-07-09
cabal,haskell,Haskell,1676,714,2,this week,2025-07-09
cardano-node,IntersectMBO,Haskell,3133,732,1,this week,2025-07-09
nix-output-monitor,maralorn,Haskell,1167,33,13,this week,2025-07-09
postgrest,PostgREST,Haskell,25485,1104,29,this week,2025-07-09
unison,unisonweb,Haskell,6092,277,14,this week,2025-07-09
pandoc,jgm,Haskell,38267,3573,106,this week,2025-07-09
hadolint,hadolint,Haskell,11324,457,20,this week,2025-07-09
simplexmq,simplex-chat,Haskell,633,79,6,this week,2025-07-09
haskell-language-server,haskell,Haskell,2813,398,5,this week,2025-07-09
shellcheck,koalaman,Haskell,37665,1831,165,this month,2025-07-09
Tidal,tidalcycles,Haskell,2731,274,168,this month,2025-07-09
pandoc,jgm,Haskell,38267,3573,465,this month,2025-07-09
cardano-node,IntersectMBO,Haskell,3133,732,6,this month,2025-07-09
postgrest,PostgREST,Haskell,25485,1104,128,this month,2025-07-09
unison,unisonweb,Haskell,6092,277,51,this month,2025-07-09
agda,agda,Haskell,2669,378,22,this month,2025-07-09
zsh-git-prompt,olivierverdier,Haskell,1741,398,2,this month,2025-07-09
simplexmq,simplex-chat,Haskell,633,79,16,this month,2025-07-09
haskell-language-server,haskell,Haskell,2813,398,14,this month,2025-07-09
stack,commercialhaskell,Haskell,4017,846,8,this month,2025-07-09
hadolint,hadolint,Haskell,11324,457,125,this month,2025-07-09
hledger,simonmichael,Haskell,3319,331,33,this month,2025-07-09
julia,JuliaLang,Julia,47316,5604,7,today,2025-07-09
Makie.jl,MakieOrg,Julia,2572,349,1,today,2025-07-09
General,JuliaRegistries,Julia,642,495,0,today,2025-07-09
julia,JuliaLang,Julia,47316,5604,50,this week,2025-07-09
General,JuliaRegistries,Julia,642,495,2,this week,2025-07-09
julia,JuliaLang,Julia,47316,5604,203,this month,2025-07-09
General,JuliaRegistries,Julia,642,495,8,this month,2025-07-09
